Public IP,Date,Time,hostname,private IP
81.82.219.230,2019-04-12,08:35:29,kali,172.16.222.132
81.82.219.230,2019-04-12,08:36:29,kali,172.16.222.132
81.82.219.230,2019-04-12,08:36:30,kali,172.16.222.132
81.82.219.230,2019-04-12,08:37:29,kali,172.16.222.132
81.82.219.230,2019-04-12,08:37:30,kali,172.16.222.132
81.82.219.230,2019-04-12,08:38:35,kali,172.16.222.132
81.82.219.230,2019-04-12,08:39:35,kali,172.16.222.132
81.82.219.230,2019-04-12,08:40:36,kali,172.16.222.132
81.82.219.230,2019-04-12,08:40:52,kali,172.16.222.132
81.82.219.230,2019-04-12,08:41:52,kali,172.16.222.132
81.82.219.230,2019-04-12,08:41:54,kali,172.16.222.132
